Sarirejo	1	0	0	0	0	\N	STAF KASI PEMERINTAHAN
Porangparing	1	0	0	0	0	\N	KADES
Lundo	1	0	0	0	0	\N	SEDES NON PNS
Mojolampir	1	0	0	0	0	\N	KADES
Sumberagung	1	0	0	0	0	\N	PERANGKAT DESA
Tegalarum	1	0	0	0	0	\N	PERANGKAT DESA
Sumberarum	1	0	0	0	0	\N	PERANGKAT DESA
Kedungpancing	1	0	0	0	0	\N	KADES
Tajungsari	1	0	0	0	0	\N	-
Sidoharjo	1	0	0	0	0	\N	KADES
Payang	1	0	0	0	0	\N	KADES
Mustokoharjo	1	0	0	0	0	\N	SEDES NON PNS
Banyuurip	1	0	0	0	0	\N	PERANGKAT DESA
Lahar	1	0	0	0	0	\N	KADES
Wonorejo	1	0	0	0	0	\N	PERANGKAT DESA
Guwo	1	0	0	0	0	\N	PERANGKAT DESA
Tamansari	1	0	0	0	0	\N	PERANGKAT DESA
Gunungsari	1	0	0	0	0	\N	PERANGKAT DESA
Lahar	1	0	0	0	0	\N	PERANGKAT DESA
Tluwuk	1	0	0	0	0	\N	PERANGKAT DESA
Langgenharjo	1	0	0	0	0	\N	KADES
Plaosan	1	0	0	0	0	\N	KADES
Karangsari	1	0	0	0	0	\N	PERANGKAT DESA
Lengkong	1	0	0	0	0	\N	PERANGKAT DESA
Sumberarum	1	0	0	0	0	\N	PERANGKAT DESA
Klayusiwalan	1	0	0	0	0	\N	PERANGKAT DESA
Sumberagung	1	0	0	0	0	\N	PERANGKAT DESA
Mantingan	1	0	0	0	0	\N	PERANGKAT DESA
Gajahkumpul	1	0	0	0	0	\N	PERANGKAT DESA
Perdopo	1	0	0	0	0	\N	PERANGKAT DESA
Gulangpongge	1	0	0	0	0	\N	PERANGKAT DESA
Bumimulyo	1	0	0	0	0	\N	PERANGKAT DESA
Sriwedari	1	0	0	0	0	\N	PERANGKAT DESA
Sumberagung	1	0	0	0	0	\N	SEDES NON PNS
Ketitangwetan	1	0	0	0	0	\N	PERANGKAT DESA
Sriwedari	1	0	0	0	0	\N	KADES
Sukoagung	1	0	0	0	0	\N	PERANGKAT DESA
Gajahkumpul	1	0	0	0	0	\N	PERANGKAT DESA
Arumanis	1	0	0	0	0	\N	PERANGKAT DESA
Sriwedari	1	0	0	0	0	\N	PERANGKAT DESA
Jembangan	1	0	0	0	0	\N	PERANGKAT DESA
Kedalon	1	0	0	0	0	\N	PERANGKAT DESA
Tegalarum	1	0	0	0	0	\N	PERANGKAT DESA
Manjang	1	0	0	0	0	\N	PERANGKAT DESA
Sidoluhur	1	0	0	0	0	\N	PERANGKAT DESA
Boto	1	0	0	0	0	\N	PERANGKAT DESA
Ngening	1	0	0	0	0	\N	PERANGKAT DESA
Srikaton	1	0	0	0	0	\N	PERANGKAT DESA
Mojolampir	1	0	0	0	0	\N	PERANGKAT DESA
Srikaton	1	0	0	0	0	\N	PERANGKAT DESA
Bumimulyo	1	0	0	0	0	\N	PERANGKAT DESA
Pecangaan	1	0	0	0	0	\N	PERANGKAT DESA
Sumberagung	1	0	0	0	0	\N	PERANGKAT DESA
Tompomulyo	1	0	0	0	0	\N	PERANGKAT DESA
Sumberagung	1	0	0	0	0	\N	PERANGKAT DESA
Kuniran	1	0	0	0	0	\N	PERANGKAT DESA
Trikoyo	1	0	0	0	0	\N	PERANGKAT DESA
Tompomulyo	1	0	0	0	0	\N	PERANGKAT DESA
Jembangan	1	1	0	0	0	\N	SEDES NON PNS
Sidomukti	1	0	0	0	0	\N	PERANGKAT DESA
Ronggo	1	0	0	0	0	\N	PERANGKAT DESA
Klayusiwalan	1	0	0	0	0	\N	KADES
Sumberejo	1	0	0	0	0	\N	PERANGKAT DESA
Sukorukun	1	0	0	0	0	\N	Sekretaris Desa / PNS
Ronggo	1	0	0	0	0	\N	PERANGKAT DESA
Sukoagung	1	0	0	0	0	\N	PERANGKAT DESA
Tlogomojo	1	0	0	0	0	\N	PERANGKAT DESA
Ketitangwetan	1	0	0	0	0	\N	KADES
Mangunlegi	1	0	0	0	0	\N	PERANGKAT DESA
Manjang	1	0	0	0	0	\N	PERANGKAT DESA
Kedalon	1	0	0	0	0	\N	PERANGKAT DESA
Trikoyo	1	0	0	0	0	\N	PERANGKAT DESA
Ketitangwetan	1	0	0	0	0	\N	PERANGKAT DESA
Lundo	1	0	0	0	0	\N	KADES
Arumanis	1	0	0	0	0	\N	PERANGKAT DESA
Sriwedari	1	0	0	0	0	\N	PERANGKAT DESA
Raci	1	0	0	0	0	\N	PERANGKAT DESA
Sidomukti	1	0	0	0	0	\N	PERANGKAT DESA
Raci	1	0	0	0	0	\N	PERANGKAT DESA
Srikaton	1	0	0	0	0	\N	PERANGKAT DESA
Batursari	1	1	0	0	0	\N	SEDES NON PNS
Sukorukun	1	1	0	0	0	\N	SEDES NON PNS
Tlogomojo	1	0	0	0	0	\N	PERANGKAT DESA
Batursari	1	0	0	0	0	\N	PERANGKAT DESA
Arumanis	1	0	0	0	0	\N	PERANGKAT DESA
Gunungsari	1	0	0	0	0	\N	PERANGKAT DESA
Mantingan	1	0	0	0	0	\N	PERANGKAT DESA
Sidomukti	1	0	0	0	0	\N	Sekretaris Desa / PNS
Mangunlegi	1	0	0	0	0	\N	PERANGKAT DESA
Tegalarum	1	0	0	0	0	\N	KADES
Sumberejo	1	0	0	0	0	\N	PERANGKAT DESA
Jembangan	1	0	0	0	0	\N	PERANGKAT DESA
Sidomukti	1	0	0	0	0	\N	PERANGKAT DESA
Karangawen	1	0	0	0	0	\N	PERANGKAT DESA
Keben	1	0	0	0	0	\N	PERANGKAT DESA
Kebolampang	1	0	0	0	0	\N	PERANGKAT DESA
Pakis	1	0	0	0	0	\N	PERANGKAT DESA
Mojomulyo	1	0	0	0	0	\N	PERANGKAT DESA
Karangwono	1	0	0	0	0	\N	PERANGKAT DESA
Tambakromo	1	0	0	0	0	\N	PERANGKAT DESA
Karangwono	1	0	0	0	0	\N	KADES
Sarimulyo	1	0	0	0	0	\N	SEDES NON PNS
Kuryokalangan	1	0	0	0	0	\N	PERANGKAT DESA
Tawangharjo	1	0	0	0	0	\N	PERANGKAT DESA
Beketel	1	1	0	0	0	\N	SEDES NON PNS
Ngurensiti	1	0	0	0	0	\N	PERANGKAT DESA
Wedarijaksa	1	0	0	0	0	\N	PERANGKAT DESA
Sidoharjo	1	0	0	0	0	\N	PERANGKAT DESA
Sambirejo	1	1	0	0	0	\N	SEDES NON PNS
Tlogorejo	1	0	0	0	0	\N	PERANGKAT DESA
Ngurensiti	1	0	0	0	0	\N	PERANGKAT DESA
Lahar	1	0	0	0	0	\N	PERANGKAT DESA
Guwo	1	0	0	0	0	\N	PERANGKAT DESA
Ngurensiti	1	0	0	0	0	\N	PERANGKAT DESA
Sukoharjo	1	0	0	0	0	\N	PERANGKAT DESA
Gunungsari	1	0	0	0	0	\N	PERANGKAT DESA
Sidoharjo	1	0	0	0	0	\N	PERANGKAT DESA
Sidomulyo	1	0	0	0	0	\N	PERANGKAT DESA
Tlogosari	1	0	0	0	0	\N	PLT KADES
Jontro	1	0	0	0	0	\N	PERANGKAT DESA
Ngurenrejo	1	1	0	0	0	\N	SEDES NON PNS
Dukuhmulyo	1	0	0	0	0	\N	KADES
Dukuhmulyo	1	0	0	0	0	\N	PERANGKAT DESA
Puluhan Tengah	1	0	0	0	0	\N	PERANGKAT DESA
Sendangsoko	1	0	0	0	0	\N	PERANGKAT DESA
Kalimulyo	1	0	0	0	0	\N	PERANGKAT DESA
Tondomulyo	1	0	0	0	0	\N	PERANGKAT DESA
Bakaran Kulon	1	0	0	0	0	\N	PERANGKAT DESA
Dukuhmulyo	1	0	0	0	0	\N	PERANGKAT DESA
Sidoarum	1	0	0	0	0	\N	PERANGKAT DESA
Sundoluhur	1	0	0	0	0	\N	PEMDES
Slungkep	1	0	0	0	0	\N	PEMDES
Purwokerto	1	0	0	0	0	\N	PERANGKAT DESA
Margomulyo	1	0	0	0	0	\N	KADES
Kedungbang	1	0	0	0	0	\N	PERANGKAT DESA
Kropak	1	0	0	0	0	\N	KADES
Danyangmulyo	1	0	0	0	0	\N	KADES
Tanjungrejo	1	0	0	0	0	\N	KADES
Ngetuk	1	0	0	0	0	\N	Sekretaris Desa / PNS
Mojo	1	0	0	0	0	\N	KADES
Kertomulyo	1	0	0	0	0	\N	KADES
Karangmulyo	1	0	0	0	0	\N	SEDES NON PNS
Blaru	1	0	0	0	0	\N	PERANGKAT DESA
Kenanti	1	0	0	0	0	\N	SEDES NON PNS
Pasucen	1	0	0	0	0	\N	SEDES NON PNS
Bakalan	1	0	0	0	0	\N	PERANGKAT DESA
Pangkalan	1	0	0	0	0	\N	STAF ADIM DAN UMUM
Boloagung	1	0	0	0	0	\N	KADES
Kenanti	1	0	0	0	0	\N	KADES
Bulumanis Lor	1	0	0	0	0	\N	PERANGKAT DESA
Koripandriyo	1	0	0	0	0	\N	KADES
Kedungsari	1	0	0	0	0	\N	PERANGKAT DESA
Bodeh	1	0	0	0	0	\N	KADES
Karangrejo	1	0	0	0	0	\N	KADES
Kepohkencono	1	0	0	0	0	\N	KASI KESEJAHTERAAN RAKYAT
Bodeh	1	0	0	0	0	\N	STAF KADUS
Karangsari	1	0	0	0	0	\N	PERANGKAT DESA
Sukolilo	1	0	0	0	0	\N	KADES
Kauman	1	0	0	0	0	\N	KADES
Kedalon	1	0	0	0	0	\N	Sekretaris Desa / PNS
Tlogorejo	1	0	0	0	0	\N	KASI KESEJAHTERAAN RAKYAT
Genengmulyo	1	0	0	0	0	\N	PERANGKAT DESA
Jembangan	1	0	0	0	0	\N	PERANGKAT DESA
Pekuwon	1	0	0	0	0	\N	PERANGKAT DESA
Jepuro	1	0	0	0	0	\N	PERANGKAT DESA
Gadingrejo	1	0	0	0	0	\N	PERANGKAT DESA
GrowongLor	1	0	0	0	0	\N	PERANGKAT DESA
Kuniran	1	0	0	0	0	\N	PERANGKAT DESA
Genengmulyo	1	0	0	0	0	\N	PERANGKAT DESA
Doropayung	1	0	0	0	0	\N	PERANGKAT DESA
Ngening	1	0	0	0	0	\N	PERANGKAT DESA
Kedalon	1	0	0	0	0	\N	PERANGKAT DESA
Tlogoharum	1	0	0	0	0	\N	PERANGKAT DESA
Bumirejo	1	0	0	0	0	\N	PERANGKAT DESA
Gadingrejo	1	0	0	0	0	\N	PERANGKAT DESA
Mintomulyo	1	0	0	0	0	\N	PERANGKAT DESA
Kudukeras	1	0	0	0	0	\N	KADES
Karang	1	0	0	0	0	\N	PERANGKAT DESA
Lengkong	1	0	0	0	0	\N	PERANGKAT DESA
Margomulyo	1	0	0	0	0	\N	PERANGKAT DESA
Lengkong	1	0	0	0	0	\N	PERANGKAT DESA
Bulumulyo	1	0	0	0	0	\N	PERANGKAT DESA
Kebonsawahan	1	0	0	0	0	\N	PERANGKAT DESA
Gajahkumpul	1	0	0	0	0	\N	PERANGKAT DESA
Bendar	1	0	0	0	0	\N	PERANGKAT DESA
Mintomulyo	1	0	0	0	0	\N	PERANGKAT DESA
Raci	1	0	0	0	0	\N	PERANGKAT DESA
Karangrejo	1	0	0	0	0	\N	PERANGKAT DESA
Bakaran Wetan	1	0	0	0	0	\N	PERANGKAT DESA
Bumirejo	1	0	0	0	0	\N	PERANGKAT DESA
Mangunlegi	1	1	0	0	0	\N	Sekretaris Desa / PNS
Kudukeras	1	0	0	0	0	\N	PERANGKAT DESA
Jembangan	1	0	0	0	0	\N	PERANGKAT DESA
Tlogomojo	1	0	0	0	0	\N	PERANGKAT DESA
Mintomulyo	1	0	0	0	0	\N	PERANGKAT DESA
Gunungsari	1	0	0	0	0	\N	PERANGKAT DESA
Trimulyo	1	0	0	0	0	\N	PERANGKAT DESA
Bumirejo	1	0	0	0	0	\N	PERANGKAT DESA
Bakaran Kulon	1	0	0	0	0	\N	PERANGKAT DESA
GrowongLor	1	0	0	0	0	\N	PERANGKAT DESA
Karang	1	0	0	0	0	\N	PERANGKAT DESA
Karangrejo	1	0	0	0	0	\N	PERANGKAT DESA
Ketip	1	0	0	0	0	\N	PERANGKAT DESA
Doropayung	1	0	0	0	0	\N	PERANGKAT DESA
Bringin	1	0	0	0	0	\N	PERANGKAT DESA (SEKDES PLT)
Bendar	1	0	0	0	0	\N	PERANGKAT DESA
Karangrejo	1	0	0	0	0	\N	PERANGKAT DESA
Langgenharjo	1	0	0	0	0	\N	PERANGKAT DESA
Sejomulyo	1	0	0	0	0	\N	PERANGKAT DESA
Kauman	1	0	0	0	0	\N	PERANGKAT DESA
Kedalon	1	0	0	0	0	\N	PERANGKAT DESA
Ketitangwetan	1	0	0	0	0	\N	KADES
Bendar	1	0	0	0	0	\N	PERANGKAT DESA
Ngening	1	0	0	0	0	\N	PERANGKAT DESA
Margomulyo	1	0	0	0	0	\N	PERANGKAT DESA
Bakaran Kulon	1	0	0	0	0	\N	PERANGKAT DESA
Jembangan	1	0	0	0	0	\N	KADES
Sejomulyo	1	0	0	0	0	\N	PERANGKAT DESA
Kebonsawahan	1	0	0	0	0	\N	PERANGKAT DESA
Raci	1	0	0	0	0	\N	PERANGKAT DESA
Tompomulyo	1	0	0	0	0	\N	PERANGKAT DESA
Doropayung	1	0	0	0	0	\N	PERANGKAT DESA
Bulumulyo	1	0	0	0	0	\N	PERANGKAT DESA
Bumirejo	1	0	0	0	0	\N	PERANGKAT DESA
Kuniran	1	0	0	0	0	\N	PERANGKAT DESA
Kauman	1	0	0	0	0	\N	PERANGKAT DESA
Karang	1	0	0	0	0	\N	PERANGKAT DESA
Bajomulyo	1	0	0	0	0	\N	KADES
Jembangan	1	0	0	0	0	\N	PERANGKAT DESA
Pecangaan	1	0	0	0	0	\N	PERANGKAT DESA
Kedungpancing	1	0	0	0	0	\N	PERANGKAT DESA
Bumirejo	1	0	0	0	0	\N	PERANGKAT DESA
Tluwah	1	0	0	0	0	\N	PERANGKAT DESA
Bringin	1	0	0	0	0	\N	PERANGKAT DESA
Genengmulyo	1	0	0	0	0	\N	PERANGKAT DESA
Sejomulyo	1	0	0	0	0	\N	PERANGKAT DESA
Gajahkumpul	1	0	0	0	0	\N	PERANGKAT DESA
Bakaran Wetan	1	0	0	0	0	\N	PERANGKAT DESA
Bajomulyo	1	0	0	0	0	\N	KADES
Pekuwon	1	0	0	0	0	\N	PERANGKAT DESA
GrowongLor	1	0	0	0	0	\N	PERANGKAT DESA
Langgenharjo	1	0	0	0	0	\N	PERANGKAT DESA
Mintomulyo	1	0	0	0	0	\N	PERANGKAT DESA
Langgenharjo	1	0	0	0	0	\N	PERANGKAT DESA
Agungmulyo	1	0	0	0	0	\N	KADES
Jepuro	1	0	0	0	0	\N	PERANGKAT DESA
Margomulyo	1	0	0	0	0	\N	PERANGKAT DESA
Bringin	1	0	0	0	0	\N	PERANGKAT DESA (SEKDES PLT)
Sukoagung	1	0	0	0	0	\N	PERANGKAT DESA
Bulumulyo	1	0	0	0	0	\N	PERANGKAT DESA
Ketitangwetan	1	0	0	0	0	\N	KADES
Kudukeras	1	0	0	0	0	\N	PERANGKAT DESA
Pajeksan	1	0	0	0	0	\N	PERANGKAT DESA
Bakaran Wetan	1	0	0	0	0	\N	PERANGKAT DESA
Kuniran	1	0	0	0	0	\N	PERANGKAT DESA
Tluwah	1	0	0	0	0	\N	KADES
Mangunlegi	1	0	0	0	0	\N	PERANGKAT DESA
Trimulyo	1	0	0	0	0	\N	PERANGKAT DESA
Ketip	1	0	0	0	0	\N	PERANGKAT DESA
Kuniran	1	1	0	0	0	\N	Sekretaris Desa / PNS
Kedalon	1	0	0	0	0	\N	PERANGKAT DESA
Sejomulyo	1	1	0	0	0	\N	Sekretaris Desa / PNS
Dukutalit	1	0	0	0	0	\N	PERANGKAT DESA
Mangunlegi	1	0	0	0	0	\N	PERANGKAT DESA
Bakaran Wetan	1	0	0	0	0	\N	PERANGKAT DESA
Ketitangwetan	1	0	0	0	0	\N	PERANGKAT DESA
Gadingrejo	1	0	0	0	0	\N	PERANGKAT DESA
Kauman	1	0	0	0	0	\N	PERANGKAT DESA
Mintomulyo	1	0	0	0	0	\N	PERANGKAT DESA
Bulumulyo	1	0	0	0	0	\N	PERANGKAT DESA
Pecangaan	1	1	0	0	0	\N	Sekretaris Desa / PNS
Bumirejo	1	0	0	0	0	\N	PERANGKAT DESA
Langgenharjo	1	0	0	0	0	\N	PERANGKAT DESA
Langgenharjo	1	0	0	0	0	\N	KADES
Genengmulyo	1	0	0	0	0	\N	PERANGKAT DESA
Langgenharjo	1	0	0	0	0	\N	PERANGKAT DESA
Bakaran Wetan	1	0	0	0	0	\N	PERANGKAT DESA
Sejomulyo	1	0	0	0	0	\N	KADES
Tompomulyo	1	0	0	0	0	\N	PERANGKAT DESA
Trimulyo	1	0	0	0	0	\N	PERANGKAT DESA
Bajomulyo	1	0	0	0	0	\N	PERANGKAT DESA
GrowongKidul	1	0	0	0	0	\N	PERANGKAT DESA
Klayusiwalan	1	0	0	0	0	\N	PERANGKAT DESA
GrowongLor	1	0	0	0	0	\N	PERANGKAT DESA
Gajahkumpul	1	0	0	0	0	\N	PERANGKAT DESA
Kauman	1	0	0	0	0	\N	PERANGKAT DESA
Bendar	1	0	0	0	0	\N	PERANGKAT DESA
Bringin	1	0	0	0	0	\N	PERANGKAT DESA
Batursari	1	0	0	0	0	\N	KADES
Langgenharjo	1	1	0	0	0	\N	Sekretaris Desa / PNS
Batursari	1	0	0	0	0	\N	PERANGKAT DESA
Kedalon	1	0	0	0	0	\N	PERANGKAT DESA
Jepuro	1	0	0	0	0	\N	KADES
Agungmulyo	1	0	0	0	0	\N	PERANGKAT DESA
Raci	1	0	0	0	0	\N	PERANGKAT DESA
Mintomulyo	1	0	0	0	0	\N	PERANGKAT DESA
Tlogomojo	1	0	0	0	0	\N	KADES
Bajomulyo	1	0	0	0	0	\N	PERANGKAT DESA
Gadingrejo	1	0	0	0	0	\N	PERANGKAT DESA
Gadingrejo	1	0	0	0	0	\N	PERANGKAT DESA
Bakaran Kulon	1	0	0	0	0	\N	PERANGKAT DESA
Ketip	1	0	0	0	0	\N	PERANGKAT DESA
Ketip	1	0	0	0	0	\N	Sekretaris Desa / PNS
Bumimulyo	1	0	0	0	0	\N	PERANGKAT DESA
Trimulyo	1	0	0	0	0	\N	PERANGKAT DESA
Lengkong	1	0	0	0	0	\N	PERANGKAT DESA
Gunungsari	1	0	0	0	0	\N	PERANGKAT DESA
Trimulyo	1	0	0	0	0	\N	PERANGKAT DESA
Ngening	1	0	0	0	0	\N	PERANGKAT DESA
Kuniran	1	0	0	0	0	\N	PERANGKAT DESA
Tluwah	1	0	0	0	0	\N	PERANGKAT DESA
Bendar	1	0	0	0	0	\N	PERANGKAT DESA
Karang	1	0	0	0	0	\N	PERANGKAT DESA
Sejomulyo	1	0	0	0	0	\N	PERANGKAT DESA
Bulumulyo	1	0	0	0	0	\N	PERANGKAT DESA
Mangunlegi	1	0	0	0	0	\N	PERANGKAT DESA
Kudukeras	1	1	0	0	0	\N	Sekretaris Desa / PNS
Gunungsari	1	0	0	0	0	\N	PERANGKAT DESA
Raci	1	0	0	0	0	\N	PERANGKAT DESA
Bumimulyo	1	0	0	0	0	\N	PERANGKAT DESA
Trimulyo	1	0	0	0	0	\N	PERANGKAT DESA
Langgenharjo	1	0	0	0	0	\N	PERANGKAT DESA
Kudukeras	1	0	0	0	0	\N	PERANGKAT DESA
Sejomulyo	1	0	0	0	0	\N	PERANGKAT DESA
Dukutalit	1	0	0	0	0	\N	PERANGKAT DESA
Gadingrejo	1	0	0	0	0	\N	PERANGKAT DESA
Sejomulyo	1	0	0	0	0	\N	PERANGKAT DESA (SEKDES PLT)
Gajahkumpul	1	0	0	0	0	\N	PERANGKAT DESA
Mangunlegi	1	0	0	0	0	\N	PERANGKAT DESA
Bajomulyo	1	0	0	0	0	\N	PERANGKAT DESA
Bulumulyo	1	0	0	0	0	\N	PERANGKAT DESA
Bulumulyo	1	0	0	0	0	\N	PERANGKAT DESA
Karang	1	0	0	0	0	\N	PERANGKAT DESA
Ketip	1	0	0	0	0	\N	PERANGKAT DESA
Langgenharjo	1	0	0	0	0	\N	PERANGKAT DESA
Tompomulyo	1	0	0	0	0	\N	PERANGKAT DESA
Gadingrejo	1	0	0	0	0	\N	PERANGKAT DESA
Kuniran	1	0	0	0	0	\N	PERANGKAT DESA
Mintomulyo	1	0	0	0	0	\N	PERANGKAT DESA
Bringin	1	0	0	0	0	\N	PERANGKAT DESA
Pajeksan	1	0	0	0	0	\N	PERANGKAT DESA
Langgenharjo	1	0	0	0	0	\N	PERANGKAT DESA
Agungmulyo	1	0	0	0	0	\N	KADES
Agungmulyo	1	0	0	0	0	\N	PERANGKAT DESA
Kedungpancing	1	0	0	0	0	\N	PERANGKAT DESA
Bumimulyo	1	0	0	0	0	\N	PERANGKAT DESA
Jembangan	1	0	0	0	0	\N	PERANGKAT DESA
Doropayung	1	0	0	0	0	\N	PERANGKAT DESA
Karangrejo	1	0	0	0	0	\N	PERANGKAT DESA
Karang	1	0	0	0	0	\N	PERANGKAT DESA
Bakaran Wetan	1	0	0	0	0	\N	PERANGKAT DESA
Dukutalit	1	0	0	0	0	\N	PERANGKAT DESA
GrowongLor	1	0	0	0	0	\N	PERANGKAT DESA
Sejomulyo	1	0	0	0	0	\N	PERANGKAT DESA
Pajeksan	1	0	0	0	0	\N	PERANGKAT DESA
Margomulyo	1	0	0	0	0	\N	PERANGKAT DESA
Sejomulyo	1	0	0	0	0	\N	PERANGKAT DESA
Sejomulyo	1	0	0	0	0	\N	PERANGKAT DESA
Tompomulyo	1	0	0	0	0	\N	PERANGKAT DESA
Bendar	1	0	0	0	0	\N	PERANGKAT DESA
Klayusiwalan	1	0	0	0	0	\N	PERANGKAT DESA
Kebonsawahan	1	0	0	0	0	\N	PERANGKAT DESA
Karangwage	1	0	0	0	0	\N	PERANGKAT DESA
Sejomulyo	1	0	0	0	0	\N	PERANGKAT DESA
Doropayung	1	0	0	0	0	\N	PERANGKAT DESA
Tlogomojo	1	0	0	0	0	\N	PERANGKAT DESA (SEKDES PLT)
Bulumulyo	1	0	0	0	0	\N	PERANGKAT DESA
Klayusiwalan	1	0	0	0	0	\N	PERANGKAT DESA
Bumimulyo	1	0	0	0	0	\N	PERANGKAT DESA
Kedungpancing	1	0	0	0	0	\N	PERANGKAT DESA
Gunungsari	1	0	0	0	0	\N	PERANGKAT DESA
Sidomulyo	1	0	0	0	0	\N	PERANGKAT DESA
Margomulyo	1	0	0	0	0	\N	PERANGKAT DESA
Margomulyo	1	0	0	0	0	\N	PERANGKAT DESA
Trimulyo	1	0	0	0	0	\N	PERANGKAT DESA
Tlogomojo	1	0	0	0	0	\N	PERANGKAT DESA (SEKDES PLT)
Batursari	1	0	0	0	0	\N	PERANGKAT DESA
Margomulyo	1	0	0	0	0	\N	PERANGKAT DESA
Gadingrejo	1	0	0	0	0	\N	PERANGKAT DESA
Ngening	1	0	0	0	0	\N	PERANGKAT DESA
Bumimulyo	1	0	0	0	0	\N	PERANGKAT DESA
Kuniran	1	0	0	0	0	\N	PERANGKAT DESA
Tlogomojo	1	0	0	0	0	\N	PERANGKAT DESA
Ngening	1	0	0	0	0	\N	PERANGKAT DESA
Agungmulyo	1	0	0	0	0	\N	PERANGKAT DESA
Trimulyo	1	0	0	0	0	\N	PERANGKAT DESA
GrowongKidul	1	0	0	0	0	\N	PERANGKAT DESA
GrowongKidul	1	0	0	0	0	\N	PERANGKAT DESA
Karangrejo	1	0	0	0	0	\N	PERANGKAT DESA
Batursari	1	0	0	0	0	\N	PERANGKAT DESA
Kudukeras	1	0	0	0	0	\N	Sekretaris Desa / PNS
Margomulyo	1	0	0	0	0	\N	PERANGKAT DESA
Langgenharjo	1	0	0	0	0	\N	PERANGKAT DESA
Gadingrejo	1	0	0	0	0	\N	PERANGKAT DESA
Karang	1	0	0	0	0	\N	PERANGKAT DESA
Karangrejo	1	0	0	0	0	\N	PERANGKAT DESA (SEKDES PLT)
Karangrejo	1	0	0	0	0	\N	PERANGKAT DESA
Bajomulyo	1	0	0	0	0	\N	PERANGKAT DESA
Langgenharjo	1	0	0	0	0	\N	PERANGKAT DESA
Bumimulyo	1	0	0	0	0	\N	PERANGKAT DESA
Gadingrejo	1	0	0	0	0	\N	Sekretaris Desa / PNS
Kedalon	1	0	0	0	0	\N	PERANGKAT DESA
GrowongLor	1	0	0	0	0	\N	PERANGKAT DESA
Pelemgede	1	0	0	0	0	\N	KASI KESEJAHTERAAN RAKYAT
Sidoluhur	1	0	0	0	0	\N	STAF KADUS
Lumbungmas	1	0	0	0	0	\N	STAF PEMBANGUNAN
Boto	1	0	0	0	0	\N	STAF KASI PEMERINTAHAN
Terteg	1	0	0	0	0	\N	KAUR ADM & UMUM
Sumberarum	1	0	0	0	0	\N	KADES
Pucakwangi	1	0	0	0	0	\N	STAF KESRA
Triguno	1	0	0	0	0	\N	KADUS
Sitimulyo	1	0	0	0	0	\N	KAUR KEUANGAN
Pelemgede	1	0	0	0	0	\N	STAF KADUS
Karangwotan	1	0	0	0	0	\N	KAUR KEUANGAN
Kletek	1	0	0	0	0	\N	STAF PEMERINTAHAN
Kepohkencono	1	0	0	0	0	\N	STAF PEMERINTAHAN
Sokopuluhan	1	0	0	0	0	\N	KADUS
Sriwedari	1	0	0	0	0	\N	STAF SEKSI PEMBANGUNAN
Karangwotan	1	0	0	0	0	\N	KASI PEMERINTAHAN
Sokopuluhan	1	0	0	0	0	\N	SEDES NON PNS
Ronggo	1	0	0	0	0	\N	STAF URUSAN KEUANGAN
Karangwotan	1	0	0	0	0	\N	KASI PEMBANGUNAN
Srikaton	1	0	0	0	0	\N	STAF KEUANGAN
Plosorejo	1	0	0	0	0	\N	KASI KESEJAHTERAAN RAKYAT
Tegalwero	1	0	0	0	0	\N	KAUR ADM & UMUM
Triguno	1	0	0	0	0	\N	KASI KESEJAHTERAAN RAKYAT
Tanjungsekar	1	0	0	0	0	\N	KADES
Plosorejo	1	0	0	0	0	\N	STAF KASI PEMBANGUNAN
Plosorejo	1	0	0	0	0	\N	KADUS
Sitimulyo	1	0	0	0	0	\N	KAUR ADM & UMUM
Bodeh	1	0	0	0	0	\N	KADES
Tanjungsekar	1	0	0	0	0	\N	KADUS
Pucakwangi	1	0	0	0	0	\N	KASI PEMERINTAHAN
Tegalarum	1	0	0	0	0	\N	KASI KESEJAHTERAAN RAKYAT
Sumberan	1	0	0	0	0	\N	KASI PEMBANGUNAN
Triguno	1	0	0	0	0	\N	STAF KESRA
Mojoagung	1	0	0	0	0	\N	KASI PEMBANGUNAN
Sumberan	1	0	0	0	0	\N	SEDES NON PNS
Manjang	1	0	0	0	0	\N	STAF ADIM DAN UMUM
Mantingan	1	0	0	0	0	\N	STAF SEKSI PEMBANGUNAN
Karangwotan	1	0	0	0	0	\N	STAF KEUANGAN
Mojoagung	1	0	0	0	0	\N	KAUR KEUANGAN
Kletek	1	0	0	0	0	\N	KASI ADM & UMUM
Sokopuluhan	1	0	0	0	0	\N	KADUS
Kletek	1	0	0	0	0	\N	STAF PEMBANGUNAN
Karangrejo	1	0	0	0	0	\N	STAF KADUS
Tegalwero	1	0	0	0	0	\N	KAUR ADM & UMUM
Mojoluhur	1	0	0	0	0	\N	KADUS
Sitimulyo	1	0	0	0	0	\N	KASI PEMBANGUNAN
Plosorejo	1	0	0	0	0	\N	KADES
Pelemgede	1	0	0	0	0	\N	STAF PEMERINTAHAN
Kebonturi	1	0	0	0	0	\N	KAUR ADM & UMUM
Wateshaji	1	0	0	0	0	\N	STAF ADIM DAN UMUM
Tegalarum	1	0	0	0	0	\N	STAF ADIM DAN UMUM
Sokopuluhan	1	1	0	0	0	\N	Sekretaris Desa / PNS
Mojoagung	1	0	0	0	0	\N	KASI ADM & UMUM
Mojoagung	1	0	0	0	0	\N	KASI KESEJAHTERAAN RAKYAT
Terteg	1	0	0	0	0	\N	KADUS
Arumanis	1	0	0	0	0	\N	STAF KEUANGAN
Kletek	1	0	0	0	0	\N	STAF ADIM DAN UMUM
Mencon	1	0	0	0	0	\N	STAF KASI PEMERINTAHAN
Jetak	1	0	0	0	0	\N	STAF KASI KESRA
Kletek	1	0	0	0	0	\N	KAUR KEUANGAN
Terteg	1	0	0	0	0	\N	KADES
Pucakwangi	1	0	0	0	0	\N	STAF KEUANGAN
Wateshaji	1	0	0	0	0	\N	STAF PEMERINTAHAN
Grogolsari	1	0	0	0	0	\N	KASI PEMBANGUNAN
Tanjungsekar	1	0	0	0	0	\N	KAUR KEUANGAN
Srikaton	1	0	0	0	0	\N	STAF KASI KESRA
Ronggo	1	0	0	0	0	\N	STAF KASI PEMERINTAHAN
Plosorejo	1	0	0	0	0	\N	STAF UR ADM DAN UMUM
Sriwedari	1	0	0	0	0	\N	KADUS
Plosorejo	1	0	0	0	0	\N	KASI KESEJAHTERAAN RAKYAT
Sitimulyo	1	0	0	0	0	\N	STAF KEUANGAN
Sokopuluhan	1	0	0	0	0	\N	KADUS
Sumberagung	1	0	0	0	0	\N	KAUR KEUANGAN
Mojoagung	1	0	0	0	0	\N	KADUS
Arumanis	1	0	0	0	0	\N	STAF KADUS
Kepohkencono	1	0	0	0	0	\N	KASI KESEJAHTERAAN RAKYAT
Ronggo	1	0	0	0	0	\N	STAF KADUS
Tanjungsekar	1	0	0	0	0	\N	STAF KESRA
Mencon	1	0	0	0	0	\N	KASI PEMERINTAHAN
Kepohkencono	1	0	0	0	0	\N	KAUR KEUANGAN
Kepohkencono	1	0	0	0	0	\N	STAF KEUANGAN
Mencon	1	0	0	0	0	\N	KADUS
Lumbungmas	1	0	0	0	0	\N	STAF KESRA
Grogolsari	1	0	0	0	0	\N	KASI PEMBANGUNAN
Plosorejo	1	0	0	0	0	\N	SEDES NON PNS
Karangrejo	1	0	0	0	0	\N	STAF PEMBANGUNAN
Kepohkencono	1	0	0	0	0	\N	STAF KADUS
Pucakwangi	1	0	0	0	0	\N	STAF PEMBANGUNAN
Karangrejo	1	0	0	0	0	\N	KASI PEMBANGUNAN
Pucakwangi	1	0	0	0	0	\N	STAF PEMERINTAHAN
Plosorejo	1	0	0	0	0	\N	KADUS
Mantingan	1	0	0	0	0	\N	KASI PEMERINTAHAN
Karangwotan	1	0	0	0	0	\N	STAF ADIM DAN UMUM
Boto	1	0	0	0	0	\N	KADES
Mojoagung	1	0	0	0	0	\N	KAUR KEUANGAN
Triguno	1	0	0	0	0	\N	KADES
Tanjungsekar	1	0	0	0	0	\N	STAF PEMBANGUNAN
Karangwotan	1	0	0	0	0	\N	KASI ADM & UMUM
Jetak	1	0	0	0	0	\N	KASI PEMERINTAHAN
Jetak	1	0	0	0	0	\N	STAF KESRA
Mencon	1	0	0	0	0	\N	KASI PEMERINTAHAN
Pucakwangi	1	0	0	0	0	\N	STAF KASI ADM & UMUM
Karangwotan	1	1	0	0	0	\N	Sekretaris Desa / PNS
Arumanis	1	0	0	0	0	\N	STAF URUSAN KEUANGAN
Sitimulyo	1	0	0	0	0	\N	KAUR ADM & UMUM
Jetak	1	0	0	0	0	\N	STAF PEMBANGUNAN
Kepohkencono	1	0	0	0	0	\N	STAF KESOS
Wateshaji	1	0	0	0	0	\N	SEDES NON PNS
Plosorejo	1	0	0	0	0	\N	KASI PEMBANGUNAN
Sidomukti	1	0	0	0	0	\N	KAUR KEUANGAN
Mojoagung	1	0	0	0	0	\N	KASI PEMERINTAHAN
Kepohkencono	1	0	0	0	0	\N	KADES
Sukorukun	1	0	0	0	0	\N	STAF ADIM DAN UMUM
Tegalwero	1	0	0	0	0	\N	KASI PEMBANGUNAN
Terteg	1	0	0	0	0	\N	KADES
Sokopuluhan	1	0	0	0	0	\N	STAF UR ADM DAN UMUM
Sokopuluhan	1	0	0	0	0	\N	KASI KESEJAHTERAAN RAKYAT
Bodeh	1	0	0	0	0	\N	KASI PEMBANGUNAN
Wateshaji	1	0	0	0	0	\N	KASI PEMERINTAHAN
Pelemgede	1	0	0	0	0	\N	KASI PEMERINTAHAN
Sumberejo	1	0	0	0	0	\N	STAF ADIM DAN UMUM
Plosorejo	1	0	0	0	0	\N	SEDES NON PNS
Karangwotan	1	0	0	0	0	\N	KADUS
Terteg	1	0	0	0	0	\N	KASI PEMERINTAHAN
Bumiayu	1	0	0	0	0	\N	STAF KADUS
Lumbungmas	1	0	0	0	0	\N	KADES
Sitimulyo	1	0	0	0	0	\N	STAF PEMBANGUNAN
Sitimulyo	1	0	0	0	0	\N	STAF KESRA
Trikoyo	1	0	0	0	0	\N	STAF PEMBANGUNAN
Triguno	1	0	0	0	0	\N	KASI PEMERINTAHAN
Bodeh	1	0	0	0	0	\N	STAF KEUANGAN
Bodeh	1	0	0	0	0	\N	STAF ADIM DAN UMUM
Triguno	1	0	0	0	0	\N	STAF KASI KESRA
Karangrejo Lor	1	0	0	0	0	\N	KADUS
Sriwedari	1	0	0	0	0	\N	KASI KESEJAHTERAAN RAKYAT
Sitimulyo	1	0	0	0	0	\N	STAF PEMERINTAHAN
Lundo	1	0	0	0	0	\N	Sekretaris Desa / PNS
Pelemgede	1	0	0	0	0	\N	STAF UR ADM DAN UMUM
Mencon	1	0	0	0	0	\N	KADES
Kletek	1	0	0	0	0	\N	KADUS
Kepohkencono	1	0	0	0	0	\N	STAF KESRA
Tanjungsekar	1	0	0	0	0	\N	STAF ADIM DAN UMUM
Jetak	1	0	0	0	0	\N	KAUR ADM & UMUM
Kepohkencono	1	0	0	0	0	\N	KASI PEMBANGUNAN
Sriwedari	1	0	0	0	0	\N	KAUR KEUANGAN
Lumbungmas	1	0	0	0	0	\N	KASI PEMBANGUNAN
Pucakwangi	1	0	0	0	0	\N	KAUR ADM & UMUM
Arumanis	1	0	0	0	0	\N	KASI PEMBANGUNAN
Sitimulyo	1	0	0	0	0	\N	STAF KASI PEMBANGUNAN
Grogolsari	1	0	0	0	0	\N	KASI KESEJAHTERAAN RAKYAT
Lumbungmas	1	0	0	0	0	\N	STAF KADUS
Jetak	1	0	0	0	0	\N	STAF KEUANGAN
Sumberan	1	0	0	0	0	\N	STAF KESRA
Sumberarum	1	0	0	0	0	\N	STAF KADUS
Sokopuluhan	1	0	0	0	0	\N	KASI PEMERINTAHAN
Lumbungmas	1	0	0	0	0	\N	KASI KESEJAHTERAAN RAKYAT
Kepohkencono	1	0	0	0	0	\N	KAUR KEUANGAN
Grogolsari	1	0	0	0	0	\N	STAF KESRA
Triguno	1	0	0	0	0	\N	STAF KASI PEMBANGUNAN
Batursari	1	0	0	0	0	\N	KADES
Jetak	1	0	0	0	0	\N	KASI PEMERINTAHAN
Tegalwero	1	0	0	0	0	\N	KASI KESEJAHTERAAN RAKYAT
Grogolsari	1	0	0	0	0	\N	STAF KESRA
Mantingan	1	0	0	0	0	\N	KAUR PEMERINTAHAN
Sumberejo	1	0	0	0	0	\N	STAF ADIM DAN UMUM
Plosorejo	1	0	0	0	0	\N	KASI PEMBANGUNAN
Sitimulyo	1	0	0	0	0	\N	KADES
Triguno	1	0	0	0	0	\N	KAUR KEUANGAN
Pelemgede	1	0	0	0	0	\N	SEDES NON PNS
Lundo	1	0	0	0	0	\N	SEDES NON PNS
Sokopuluhan	1	0	0	0	0	\N	STAF SEKSI PEMBANGUNAN
Triguno	1	1	0	0	0	\N	Sekretaris Desa / PNS
Sokopuluhan	1	0	0	0	0	\N	STAF ADIM DAN UMUM
Kletek	1	0	0	0	0	\N	STAF SEKSI PEMERINTAHAN
Mojolampir	1	0	0	0	0	\N	KADUS
Kepohkencono	1	0	0	0	0	\N	STAF URUSAN KEUANGAN
Ronggo	1	0	0	0	0	\N	KAUR ADM & UMUM
Pelemgede	1	0	0	0	0	\N	KADES
Sumberejo	1	0	0	0	0	\N	STAF KAUR KEUANGAN
Karangrejo	1	0	0	0	0	\N	SEDES NON PNS
Jetak	1	0	0	0	0	\N	KAUR ADM & UMUM
Karangwotan	1	0	0	0	0	\N	STAF KEUANGAN
Wateshaji	1	0	0	0	0	\N	KADUS
Mojoagung	1	0	0	0	0	\N	STAF KADUS
Grogolsari	1	0	0	0	0	\N	KASI PEMBANGUNAN
Tegalwero	1	0	0	0	0	\N	STAF KADUS
Karangrejo	1	0	0	0	0	\N	STAF PEMERINTAHAN
Pucakwangi	1	0	0	0	0	\N	KADUS
Grogolsari	1	0	0	0	0	\N	KADUS
Tanjungsekar	1	0	0	0	0	\N	KADUS
Karangrejo	1	0	0	0	0	\N	STAF PEMBANGUNAN
Kepohkencono	1	0	0	0	0	\N	STAF KADUS
Kletek	1	0	0	0	0	\N	KAUR KEUANGAN
Lumbungmas	1	0	0	0	0	\N	KAUR ADM & UMUM
Bodeh	1	0	0	0	0	\N	KASI KESEJAHTERAAN RAKYAT
Sumberarum	1	0	0	0	0	\N	KASI PEMERINTAHAN
Pucakwangi	1	0	0	0	0	\N	STAF KESRA
Ronggo	1	0	0	0	0	\N	KADUS
Sumberagung	1	0	0	0	0	\N	KADUS
Jetak	1	0	0	0	0	\N	KAUR KEUANGAN
Sokopuluhan	1	0	0	0	0	\N	STAF KAUR ADM & UMUM
Terteg	1	0	0	0	0	\N	SEDES NON PNS
Triguno	1	0	0	0	0	\N	STAF KESRA
Sokopuluhan	1	0	0	0	0	\N	STAF KEUANGAN
Terteg	1	0	0	0	0	\N	KADES
Sumberejo	1	0	0	0	0	\N	KAUR ADM & UMUM
Terteg	1	0	0	0	0	\N	KASI KESEJAHTERAAN RAKYAT
Pucakwangi	1	0	0	0	0	\N	STAF KAUR KEUANGAN
Tegalwero	1	0	0	0	0	\N	KASI KASOS
Kebonturi	1	0	0	0	0	\N	KADES
Grogolsari	1	0	0	0	0	\N	KASI PEMERINTAHAN
Karangwotan	1	0	0	0	0	\N	STAF KADUS
Karangwotan	1	0	0	0	0	\N	STAF KADUS
Tegalwero	1	0	0	0	0	\N	KASI PEMBANGUNAN
Pelemgede	1	0	0	0	0	\N	STAF UMUM
Lumbungmas	1	0	0	0	0	\N	KADUS
Sokopuluhan	1	0	0	0	0	\N	KASI PEMBANGUNAN
Mencon	1	0	0	0	0	\N	STAF PEMERINTAHAN
Kepohkencono	1	0	0	0	0	\N	KASI KEUANGAN
Pucakwangi	1	0	0	0	0	\N	PLT SEKDES
Wateshaji	1	0	0	0	0	\N	STAF KADUS
Wateshaji	1	0	0	0	0	\N	KAUR ADM & UMUM
Trikoyo	1	0	0	0	0	\N	STAF UR ADM DAN UMUM
Karangrejo	1	0	0	0	0	\N	STAF KASI PEMBANGUNAN
Tanjungsekar	1	0	0	0	0	\N	KAUR ADM & UMUM
Karangwotan	1	0	0	0	0	\N	KAUR KEUANGAN
Tanjungsekar	1	0	0	0	0	\N	KASI PEMBANGUNAN
Wateshaji	1	0	0	0	0	\N	KAUR KEUANGAN
Sitimulyo	1	0	0	0	0	\N	KAUR ADM & UMUM
Tegalwero	1	0	0	0	0	\N	KAUR ADM & UMUM
Karangwotan	1	0	0	0	0	\N	STAF ADIM DAN UMUM
Grogolsari	1	0	0	0	0	\N	KADUS
Karangrejo	1	0	0	0	0	\N	SEDES NON PNS
Mojoagung	1	0	0	0	0	\N	KAUR KEUANGAN
Triguno	1	0	0	0	0	\N	STAF KEUANGAN
Mencon	1	0	0	0	0	\N	KADUS
Sumberejo	1	0	0	0	0	\N	STAF SEKSI PEMBANGUNAN
Mojoagung	1	0	0	0	0	\N	KASI PEMBANGUNAN
Trikoyo	1	0	0	0	0	\N	KAUR SEKSI PEMBANGUNGAN
Triguno	1	0	0	0	0	\N	STAF PEMERINTAHAN
Kletek	1	0	0	0	0	\N	STAF KAUR KEUANGAN
Kedungpancing	1	0	0	0	0	\N	PERANGKAT DESA
Sidomulyo	1	0	0	0	0	\N	PERANGKAT DESA
Jatisari	1	1	0	0	0	\N	SEDES NON PNS
Sidomulyo	1	0	0	0	0	\N	PERANGKAT DESA
Sendangsoko	1	0	0	0	0	\N	PERANGKAT DESA
Ngastorejo	1	0	0	0	0	\N	PERANGKAT DESA
Ngastorejo	1	0	0	0	0	\N	PERANGKAT DESA
Tondokerto	1	0	0	0	0	\N	PERANGKAT DESA
Bumirejo	1	0	0	0	0	\N	PERANGKAT DESA
Mintomulyo	1	0	0	0	0	\N	PERANGKAT DESA
Sidoarum	1	0	0	0	0	\N	PERANGKAT DESA
Bakaran Wetan	1	0	0	0	0	\N	PERANGKAT DESA
Glonggong	1	0	0	0	0	\N	PERANGKAT DESA
Doropayung	1	0	0	0	0	\N	PERANGKAT DESA
Glonggong	1	0	0	0	0	\N	PERANGKAT DESA
Tondomulyo	1	0	0	0	0	\N	KADES
Karangrejo Lor	1	0	0	0	0	\N	PERANGKAT DESA
Ngastorejo	1	0	0	0	0	\N	PERANGKAT DESA
Sembaturagung	1	0	0	0	0	\N	PERANGKAT DESA
GrowongKidul	1	1	0	0	0	\N	SEDES NON PNS
Sembaturagung	1	0	0	0	0	\N	PERANGKAT DESA
Karangrowo	1	0	0	0	0	\N	PERANGKAT DESA
Genengmulyo	1	0	0	0	0	\N	PERANGKAT DESA
Trimulyo	1	0	0	0	0	\N	KADES
Kudukeras	1	0	0	0	0	\N	PERANGKAT DESA
Kedungmulyo	1	0	0	0	0	\N	SEDES NON PNS
Sidoarum	1	0	0	0	0	\N	PERANGKAT DESA
Karang	1	0	0	0	0	\N	KADES
Kauman	1	0	0	0	0	\N	PERANGKAT DESA
Trimulyo	1	0	0	0	0	\N	PERANGKAT DESA
Bakaran Kulon	1	0	0	0	0	\N	PERANGKAT DESA
Puluhan Tengah	1	1	0	0	0	\N	SEDES NON PNS
Kebonsawahan	1	0	0	0	0	\N	PERANGKAT DESA
Genengmulyo	1	0	0	0	0	\N	PERANGKAT DESA
Tajungsari	1	0	0	0	0	\N	PERANGKAT DESA
Glonggong	1	0	0	0	0	\N	PERANGKAT DESA
Kalimulyo	1	0	0	0	0	\N	PERANGKAT DESA
Genengmulyo	1	0	0	0	0	\N	PERANGKAT DESA
Tambahmulyo	1	0	0	0	0	\N	PERANGKAT DESA
Gadingrejo	1	0	0	0	0	\N	PERANGKAT DESA
Bungasrejo	1	0	0	0	0	\N	PERANGKAT DESA
Bungasrejo	1	0	0	0	0	\N	PERANGKAT DESA
Karangrowo	1	0	0	0	0	\N	PERANGKAT DESA
GrowongLor	1	1	0	0	0	\N	SEDES NON PNS
Sonorejo	1	0	0	0	0	\N	KADES
Tondomulyo	1	0	0	0	0	\N	PERANGKAT DESA
Pajeksan	1	0	0	0	0	\N	PERANGKAT DESA
Sendangsoko	1	0	0	0	0	\N	PERANGKAT DESA
Bringin	1	0	0	0	0	\N	PERANGKAT DESA
Kauman	1	0	0	0	0	\N	PERANGKAT DESA
GrowongLor	1	0	0	0	0	\N	SEDES NON PNS
Pajeksan	1	0	0	0	0	\N	PERANGKAT DESA
Tlogorejo	1	0	0	0	0	\N	PERANGKAT DESA
Bringin	1	0	0	0	0	\N	PERANGKAT DESA
Karangrowo	1	0	0	0	0	\N	PERANGKAT DESA
Margomulyo	1	0	0	0	0	\N	PERANGKAT DESA
Tajungsari	1	0	0	0	0	\N	PERANGKAT DESA
Tondomulyo	1	0	0	0	0	\N	PERANGKAT DESA
Pekuwon	1	0	0	0	0	\N	PERANGKAT DESA
Dukutalit	1	0	0	0	0	\N	PERANGKAT DESA
Tluwah	1	0	0	0	0	\N	PERANGKAT DESA
Dukuhmulyo	1	0	0	0	0	\N	PERANGKAT DESA
Plosojenar	1	0	0	0	0	\N	PERANGKAT DESA
Tluwah	1	1	0	0	0	\N	SEDES NON PNS
Karang	1	0	0	0	0	\N	PERANGKAT DESA
Kauman	1	0	0	0	0	\N	SEDES NON PNS
Glonggong	1	0	0	0	0	\N	PERANGKAT DESA
Sendangsoko	1	0	0	0	0	\N	PERANGKAT DESA
Sidomulyo	1	0	0	0	0	\N	KADES
Karangrejo Lor	1	0	0	0	0	\N	PERANGKAT DESA
Ketip	1	0	0	0	0	\N	PERANGKAT DESA
Genengmulyo	1	0	0	0	0	\N	PERANGKAT DESA
Dukutalit	1	0	0	0	0	\N	PERANGKAT DESA
Kalimulyo	1	0	0	0	0	\N	PERANGKAT DESA
Karangrejo	1	0	0	0	0	\N	PERANGKAT DESA
Sendangsoko	1	0	0	0	0	\N	SEDES NON PNS
Jatisari	1	0	0	0	0	\N	PERANGKAT DESA
Sejomulyo	1	0	0	0	0	\N	PERANGKAT DESA
Jepuro	1	0	0	0	0	\N	KADES
Glonggong	1	0	0	0	0	\N	PERANGKAT DESA
Dukuhmulyo	1	0	0	0	0	\N	PERANGKAT DESA
Kebonsawahan	1	0	0	0	0	\N	PERANGKAT DESA
Plosojenar	1	0	0	0	0	\N	PERANGKAT DESA
Tondomulyo	1	0	0	0	0	\N	PERANGKAT DESA
Bungasrejo	1	0	0	0	0	\N	PERANGKAT DESA
GrowongKidul	1	0	0	0	0	\N	PERANGKAT DESA
Pekuwon	1	0	0	0	0	\N	PERANGKAT DESA
Dukutalit	1	0	0	0	0	\N	SEDES NON PNS
Jatisari	1	0	0	0	0	\N	PERANGKAT DESA
GrowongLor	1	0	0	0	0	\N	PERANGKAT DESA
Mantingan Tengah	1	0	0	0	0	\N	PERANGKAT DESA
Bungasrejo	1	0	0	0	0	\N	PERANGKAT DESA
GrowongLor	1	0	0	0	0	\N	PERANGKAT DESA
Glonggong	1	1	0	0	0	\N	SEDES NON PNS
Karangrowo	1	0	0	0	0	\N	PERANGKAT DESA
Sembaturagung	1	0	0	0	0	\N	PERANGKAT DESA
Karangrowo	1	0	0	0	0	\N	PERANGKAT DESA
Dukuhmulyo	1	0	0	0	0	\N	PERANGKAT DESA
GrowongKidul	1	0	0	0	0	\N	PERANGKAT DESA
Bakaran Kulon	1	0	0	0	0	\N	PERANGKAT DESA
Karangrowo	1	0	0	0	0	\N	PERANGKAT DESA
Sonorejo	1	0	0	0	0	\N	PERANGKAT DESA
Tondomulyo	1	0	0	0	0	\N	PERANGKAT DESA
Kalimulyo	1	0	0	0	0	\N	PERANGKAT DESA
Kropak	1	0	0	0	0	\N	PERANGKAT DESA
Bringin	1	0	0	0	0	\N	PERANGKAT DESA
GrowongKidul	1	0	0	0	0	\N	PERANGKAT DESA
Ketip	1	0	0	0	0	\N	PERANGKAT DESA
Puluhan Tengah	1	0	0	0	0	\N	PERANGKAT DESA
Mintomulyo	1	0	0	0	0	\N	PERANGKAT DESA
Tluwah	1	0	0	0	0	\N	PERANGKAT DESA
Sendangsoko	1	0	0	0	0	\N	PERANGKAT DESA
Mantingan Tengah	1	0	0	0	0	\N	PERANGKAT DESA
Jakenan	1	0	0	0	0	\N	PERANGKAT DESA
Tluwah	1	0	0	0	0	\N	PERANGKAT DESA
Agungmulyo	1	0	0	0	0	\N	KADES
Plosojenar	1	0	0	0	0	\N	PERANGKAT DESA
Kedungpancing	1	0	0	0	0	\N	PERANGKAT DESA
Tambahmulyo	1	0	0	0	0	\N	PERANGKAT DESA
GrowongKidul	1	0	0	0	0	\N	PERANGKAT DESA
Puluhan Tengah	1	0	0	0	0	\N	PERANGKAT DESA
Pajeksan	1	0	0	0	0	\N	PERANGKAT DESA
Tambahmulyo	1	0	0	0	0	\N	PERANGKAT DESA
Karangrejo Lor	1	0	0	0	0	\N	PERANGKAT DESA
Tambahmulyo	1	0	0	0	0	\N	PERANGKAT DESA
Sidomulyo	1	0	0	0	0	\N	PERANGKAT DESA
Glonggong	1	0	0	0	0	\N	PERANGKAT DESA
Tambahmulyo	1	0	0	0	0	\N	SEDES NON PNS
Sonorejo	1	0	0	0	0	\N	PERANGKAT DESA
Dukuhmulyo	1	0	0	0	0	\N	PERANGKAT DESA
Bungasrejo	1	0	0	0	0	\N	PERANGKAT DESA
Bungasrejo	1	0	0	0	0	\N	KADES
Plosojenar	1	0	0	0	0	\N	SEDES NON PNS
Sejomulyo	1	0	0	0	0	\N	PERANGKAT DESA
Tondomulyo	1	0	0	0	0	\N	PERANGKAT DESA
Bungasrejo	1	0	0	0	0	\N	PERANGKAT DESA
Doropayung	1	0	0	0	0	\N	PERANGKAT DESA
Pekuwon	1	0	0	0	0	\N	PERANGKAT DESA
Sidomulyo	1	0	0	0	0	\N	PERANGKAT DESA
Sembaturagung	1	0	0	0	0	\N	KADES
Bakaran Kulon	1	0	0	0	0	\N	PERANGKAT DESA
Bakaran Kulon	1	0	0	0	0	\N	PERANGKAT DESA
GrowongLor	1	0	0	0	0	\N	PERANGKAT DESA
Kedungpancing	1	0	0	0	0	\N	PERANGKAT DESA
Kalimulyo	1	0	0	0	0	\N	PERANGKAT DESA
Bakaran Wetan	1	0	0	0	0	\N	PERANGKAT DESA
Mintomulyo	1	0	0	0	0	\N	PERANGKAT DESA
Sonorejo	1	0	0	0	0	\N	PERANGKAT DESA
Bakaran Wetan	1	1	0	0	0	\N	SEDES NON PNS
Karangrejo Lor	1	0	0	0	0	\N	PERANGKAT DESA
Sejomulyo	1	0	0	0	0	\N	PERANGKAT DESA
Agungmulyo	1	0	0	0	0	\N	PERANGKAT DESA
Puluhan Tengah	1	0	0	0	0	\N	KADES
Karangrejo	1	0	0	0	0	\N	PERANGKAT DESA
Jatisari	1	0	0	0	0	\N	PERANGKAT DESA
Bungasrejo	1	0	0	0	0	\N	PERANGKAT DESA
Sonorejo	1	0	0	0	0	\N	PERANGKAT DESA
Bumirejo	1	0	0	0	0	\N	PERANGKAT DESA
Tlogorejo	1	0	0	0	0	\N	PERANGKAT DESA
Langgenharjo	1	0	0	0	0	\N	PERANGKAT DESA
Tlogorejo	1	0	0	0	0	\N	PERANGKAT DESA
Bumirejo	1	0	0	0	0	\N	PERANGKAT DESA
Mantingan Tengah	1	0	0	0	0	\N	PERANGKAT DESA
Mintomulyo	1	0	0	0	0	\N	PERANGKAT DESA
Tondomulyo	1	0	0	0	0	\N	PERANGKAT DESA
Jatisari	1	0	0	0	0	\N	PERANGKAT DESA
Jakenan	1	0	0	0	0	\N	PERANGKAT DESA
Margomulyo	1	0	0	0	0	\N	PERANGKAT DESA
Mantingan Tengah	1	0	0	0	0	\N	PERANGKAT DESA
Pekuwon	1	0	0	0	0	\N	KADES
Kedungpancing	1	0	0	0	0	\N	PERANGKAT DESA
Sidoarum	1	0	0	0	0	\N	PERANGKAT DESA
Sendangsoko	1	0	0	0	0	\N	KADES
Kudukeras	1	0	0	0	0	\N	PERANGKAT DESA
Karangrejo Lor	1	0	0	0	0	\N	PERANGKAT DESA
Trimulyo	1	0	0	0	0	\N	KADES
Sendangsoko	1	0	0	0	0	\N	PERANGKAT DESA
Sendangsoko	1	0	0	0	0	\N	PERANGKAT DESA
Dukuhmulyo	1	0	0	0	0	\N	PERANGKAT DESA
Tlogomojo	1	0	0	0	0	\N	PERANGKAT DESA
Tluwah	1	0	0	0	0	\N	PERANGKAT DESA
Karangrejo Lor	1	0	0	0	0	\N	PERANGKAT DESA
Tambahmulyo	1	0	0	0	0	\N	PERANGKAT DESA
Jepuro	1	0	0	0	0	\N	PERANGKAT DESA
Bajomulyo	1	0	0	0	0	\N	PERANGKAT DESA
Sidomulyo	1	0	0	0	0	\N	KADES
Genengmulyo	1	0	0	0	0	\N	PERANGKAT DESA
Jakenan	1	0	0	0	0	\N	PERANGKAT DESA
Tambahmulyo	1	0	0	0	0	\N	PERANGKAT DESA
Dukutalit	1	0	0	0	0	\N	PERANGKAT DESA
Tambahmulyo	1	0	0	0	0	\N	PERANGKAT DESA
GrowongKidul	1	0	0	0	0	\N	PERANGKAT DESA
Margomulyo	1	0	0	0	0	\N	PERANGKAT DESA
Kebonsawahan	1	0	0	0	0	\N	PERANGKAT DESA
Pajeksan	1	0	0	0	0	\N	PERANGKAT DESA
Mintomulyo	1	0	0	0	0	\N	PERANGKAT DESA
Bendar	1	0	0	0	0	\N	PERANGKAT DESA
Tluwah	1	0	0	0	0	\N	PERANGKAT DESA
Tondomulyo	1	0	0	0	0	\N	PERANGKAT DESA
Pekuwon	1	0	0	0	0	\N	PERANGKAT DESA
Bendar	1	0	0	0	0	\N	PERANGKAT DESA
Bendar	1	0	0	0	0	\N	SEDES NON PNS
Karangrejo	1	0	0	0	0	\N	PERANGKAT DESA
Margomulyo	1	1	0	0	0	\N	SEDES NON PNS
Puluhan Tengah	1	0	0	0	0	\N	PERANGKAT DESA
Kauman	1	0	0	0	0	\N	PERANGKAT DESA
Tambahmulyo	1	0	0	0	0	\N	PERANGKAT DESA
Jatisari	1	1	0	0	0	\N	SEDES NON PNS
Dukutalit	1	0	0	0	0	\N	PERANGKAT DESA
Agungmulyo	1	0	0	0	0	\N	KADES
Sonorejo	1	0	0	0	0	\N	PERANGKAT DESA
Tlogorejo	1	0	0	0	0	\N	PERANGKAT DESA
Kedungmulyo	1	0	0	0	0	\N	PERANGKAT DESA
Bakaran Wetan	1	0	0	0	0	\N	PERANGKAT DESA
Genengmulyo	1	0	0	0	0	\N	PERANGKAT DESA
Puluhan Tengah	1	0	0	0	0	\N	PERANGKAT DESA
Karangrejo Lor	1	0	0	0	0	\N	PERANGKAT DESA
Karang	1	0	0	0	0	\N	PERANGKAT DESA
Tambahmulyo	1	0	0	0	0	\N	PERANGKAT DESA
Karang	1	0	0	0	0	\N	PERANGKAT DESA
Sidomulyo	1	0	0	0	0	\N	PERANGKAT DESA
Sidoarum	1	0	0	0	0	\N	PERANGKAT DESA
Muktiharjo	1	0	0	0	0	\N	PERANGKAT DESA
Gembong	1	0	0	0	0	\N	PERANGKAT DESA
Soko	1	0	0	0	0	\N	PERANGKAT DESA
Pegandan	1	1	0	0	0	\N	SEDES NON PNS
Alasdowo	1	0	0	0	0	\N	PERANGKAT DESA
Klakahkasihan	1	0	0	0	0	\N	PERANGKAT DESA
Plumbungan	1	0	0	0	0	\N	PERANGKAT DESA
Wangunrejo	1	0	0	0	0	\N	PERANGKAT DESA
Gempolsari	1	0	0	0	0	\N	PERANGKAT DESA
Ngawen	1	0	0	0	0	\N	PERANGKAT DESA
Sokokulon	1	0	0	0	0	\N	PERANGKAT DESA
Penambuhan	1	0	0	0	0	\N	KADES
Sunggingwarno	1	1	0	0	0	\N	SEDES NON PNS
Wonosekar	1	0	0	0	0	\N	KADES
Wangunrejo	1	0	0	0	0	\N	PERANGKAT DESA
Wangunrejo	1	0	0	0	0	\N	PERANGKAT DESA
Mojolawaran	1	0	0	0	0	\N	PERANGKAT DESA
Sokokulon	1	0	0	0	0	\N	PERANGKAT DESA
Sokobubuk	1	0	0	0	0	\N	NON AKTIF/PURNA TUGAS
Margorejo	1	1	0	0	0	\N	SEDES NON PNS
Sokobubuk	1	0	0	0	0	\N	PERANGKAT DESA
Sukoharjo	1	0	0	0	0	\N	PERANGKAT DESA
Kedungbulus	1	0	0	0	0	\N	KADES
Dadirejo	1	0	0	0	0	\N	PERANGKAT DESA
Gembong	1	0	0	0	0	\N	PERANGKAT DESA
Tlogoayu	1	0	0	0	0	\N	PERANGKAT DESA
Langenharjo	1	0	0	0	0	\N	PERANGKAT DESA
Klakahkasihan	1	0	0	0	0	\N	PERANGKAT DESA
Bumirejo	1	0	0	0	0	\N	PERANGKAT DESA
Sitiluhur	1	0	0	0	0	\N	KADES
Klakahkasihan	1	0	0	0	0	\N	PERANGKAT DESA
Semirejo	1	0	0	0	0	\N	PERANGKAT DESA
Kedungbulus	1	0	0	0	0	\N	PERANGKAT DESA
Wangunrejo	1	0	0	0	0	\N	PERANGKAT DESA
Ngawen	1	0	0	0	0	\N	PERANGKAT DESA
Badegan	1	0	0	0	0	\N	PERANGKAT DESA
Sitiluhur	1	0	0	0	0	\N	PERANGKAT DESA
Banjarsari	1	0	0	0	0	\N	PERANGKAT DESA
Bageng	1	0	0	0	0	\N	SEDES NON PNS
Plukaran	1	0	0	0	0	\N	PERANGKAT DESA
Jimbaran	1	0	0	0	0	\N	PERANGKAT DESA
Sokobubuk	1	0	0	0	0	\N	PERANGKAT DESA
Mataraman	1	0	0	0	0	\N	PERANGKAT DESA
Soko	1	0	0	0	0	\N	PERANGKAT DESA
Bermi	1	0	0	0	0	\N	SEDES NON PNS
Koripandriyo	1	0	0	0	0	\N	PERANGKAT DESA
Bogotanjung	1	0	0	0	0	\N	PERANGKAT DESA
Gembong	1	0	0	0	0	\N	PERANGKAT DESA
Klakahkasihan	1	0	0	0	0	\N	PERANGKAT DESA
Gembong	1	0	0	0	0	\N	PERANGKAT DESA
Dadirejo	1	0	0	0	0	\N	PERANGKAT DESA
Margorejo	1	0	0	0	0	\N	PERANGKAT DESA
Jimbaran	1	0	0	0	0	\N	PERANGKAT DESA
Wangunrejo	1	0	0	0	0	\N	PERANGKAT DESA
Sokobubuk	1	0	0	0	0	\N	PERANGKAT DESA
Pegandan	1	0	0	0	0	\N	PERANGKAT DESA
Kuryokalangan	1	0	0	0	0	\N	PERANGKAT DESA
Jambean Kidul	1	0	0	0	0	\N	PERANGKAT DESA
Margorejo	1	0	0	0	0	\N	PERANGKAT DESA
Sokokulon	1	0	0	0	0	\N	SEDES NON PNS
Langenharjo	1	1	0	0	0	\N	SEDES NON PNS
Ngawen	1	0	0	0	0	\N	PERANGKAT DESA
Gebang	1	0	0	0	0	\N	PERANGKAT DESA
Dadirejo	1	0	0	0	0	\N	PERANGKAT DESA
Sokokulon	1	0	0	0	0	\N	PERANGKAT DESA
Banyuurip	1	0	0	0	0	\N	PERANGKAT DESA
Langse	1	0	0	0	0	\N	PERANGKAT DESA
Margorejo	1	0	0	0	0	\N	PERANGKAT DESA
Sukoharjo	1	0	0	0	0	\N	PERANGKAT DESA
Margorejo	1	0	0	0	0	\N	KADES
Langenharjo	1	0	0	0	0	\N	PERANGKAT DESA
Jimbaran	1	0	0	0	0	\N	PERANGKAT DESA
Dadirejo	1	0	0	0	0	\N	PERANGKAT DESA
Bumirejo	1	0	0	0	0	\N	PERANGKAT DESA
Jambean Kidul	1	0	0	0	0	\N	PERANGKAT DESA
Wangunrejo	1	0	0	0	0	\N	KADES
Wangunrejo	1	0	0	0	0	\N	PERANGKAT DESA
Bumirejo	1	0	0	0	0	\N	PERANGKAT DESA
Dadirejo	1	0	0	0	0	\N	PERANGKAT DESA
Muktiharjo	1	0	0	0	0	\N	PERANGKAT DESA
Mataraman	1	0	0	0	0	\N	PERANGKAT DESA
Semirejo	1	0	0	0	0	\N	PERANGKAT DESA
Pantirejo	1	0	0	0	0	\N	PERANGKAT DESA
Pohgading	1	0	0	0	0	\N	PERANGKAT DESA
Jimbaran	1	0	0	0	0	\N	PERANGKAT DESA
Soko	1	0	0	0	0	\N	PERANGKAT DESA
Klakahkasihan	1	0	0	0	0	\N	PERANGKAT DESA
Langse	1	0	0	0	0	\N	PERANGKAT DESA
Sukoharjo	1	0	0	0	0	\N	PERANGKAT DESA
Sunggingwarno	1	0	0	0	0	\N	PERANGKAT DESA
Langenharjo	1	0	0	0	0	\N	PERANGKAT DESA
Gabus	1	1	0	0	0	\N	SEDES NON PNS
Sukoharjo	1	0	0	0	0	\N	PERANGKAT DESA
Penanggungan	1	0	0	0	0	\N	PERANGKAT DESA
Wangunrejo	1	0	0	0	0	\N	PERANGKAT DESA
Jambean Kidul	1	0	0	0	0	\N	SEDES NON PNS
Kedungbulus	1	0	0	0	0	\N	PERANGKAT DESA
Banyuurip	1	0	0	0	0	\N	PERANGKAT DESA
Margorejo	1	0	0	0	0	\N	PERANGKAT DESA
Plukaran	1	0	0	0	0	\N	PERANGKAT DESA
Mojolawaran	1	0	0	0	0	\N	PERANGKAT DESA
Penambuhan	1	0	0	0	0	\N	PERANGKAT DESA
Ngawen	1	0	0	0	0	\N	PERANGKAT DESA
Soko	1	0	0	0	0	\N	PERANGKAT DESA
Penambuhan	1	0	0	0	0	\N	KADES
Dadirejo	1	0	0	0	0	\N	PERANGKAT DESA
Sambirejo	1	0	0	0	0	\N	PERANGKAT DESA
Klakahkasihan	1	0	0	0	0	\N	KADES
Gebang	1	0	0	0	0	\N	PERANGKAT DESA
Bumirejo	1	0	0	0	0	\N	PERANGKAT DESA
Badegan	1	0	0	0	0	\N	PERANGKAT DESA
Wonosekar	1	0	0	0	0	\N	PERANGKAT DESA
Mataraman	1	0	0	0	0	\N	PERANGKAT DESA
Langse	1	0	0	0	0	\N	PERANGKAT DESA
Kedungbulus	1	0	0	0	0	\N	PERANGKAT DESA
Jambean Kidul	1	0	0	0	0	\N	PERANGKAT DESA
Jimbaran	1	0	0	0	0	\N	PERANGKAT DESA
Mataraman	1	0	0	0	0	\N	PERANGKAT DESA
Gempolsari	1	0	0	0	0	\N	PERANGKAT DESA
Tambahmulyo	1	0	0	0	0	\N	PERANGKAT DESA
Mataraman	1	0	0	0	0	\N	KADES
Gembong	1	0	0	0	0	\N	PERANGKAT DESA
Banyuurip	1	0	0	0	0	\N	KADES
Kuryokalangan	1	0	0	0	0	\N	PERANGKAT DESA
Margorejo	1	0	0	0	0	\N	PERANGKAT DESA
Sitiluhur	1	0	0	0	0	\N	SEDES NON PNS
Banyuurip	1	0	0	0	0	\N	PERANGKAT DESA
Plumbungan	1	0	0	0	0	\N	PERANGKAT DESA
Semirejo	1	0	0	0	0	\N	PERANGKAT DESA
Sokokulon	1	0	0	0	0	\N	PERANGKAT DESA
Gempolsari	1	0	0	0	0	\N	PERANGKAT DESA
Penambuhan	1	0	0	0	0	\N	PERANGKAT DESA
Wangunrejo	1	0	0	0	0	\N	PERANGKAT DESA
Ngawen	1	1	0	0	0	\N	SEDES NON PNS
